Code,Nx,Ny
A1100000000,60,127
A1111000000,60,127
A1111051500,60,127
A1111053000,60,127
A1111054000,60,127
A1111055000,60,127
A1111056000,60,127
A1111057000,60,127
A1111058000,60,127
A1111060000,60,127
A1111061500,60,127
A1111063000,60,127
A1111064000,60,127
A1111065000,60,127
A1111067000,61,127
A1111068000,60,127
A1111069000,60,127
A1111070000,60,127
A1111071000,61,127
A1114000000,60,127
A1114052000,60,127
A1114054000,60,126
A1114055000,60,127
A1114057000,60,127
A1114058000,60,127
A1114059000,60,127
A1114060500,60,127
A1114061500,60,127
A1114062500,60,126
A1114063500,60,126
A1114064500,60,126
A1114065000,61,127
A1114066500,61,127
A1114067000,61,127
A1114068000,60,126
A1117000000,60,126
A1117051000,60,126
A1117052000,60,126
A1117053000,60,126
A1117055500,60,126
A1117056000,60,126
A1117057000,59,126
A1117058000,60,126
A1117059000,60,126
A1117062500,60,126
A1117063000,60,126
A1117064000,59,126
A1117065000,60,126
A1117066000,60,126
A1117068500,60,126
A1117069000,60,126
A1117070000,60,126
A1120000000,61,127
A1120052000,61,127
A1120053500,61,127
A1120054000,61,127
A1120055000,61,127
A1120056000,61,126
A1120057000,61,126
A1120058000,61,126
A1120059000,61,126
A1120061500,61,126
A1120062000,61,126
A1120064500,60,126
A1120065000,61,126
A1120066000,61,126
A1120067000,61,126
A1120069000,61,126
A1120072000,61,126
A1120079000,61,127
A1121500000,62,126
A1121571000,61,126
A1121573000,62,126
A1121574000,62,127
A1121575000,62,127
A1121576000,62,127
A1121577000,62,127
A1121578000,62,126
A1121581000,62,126
A1121582000,62,126
A1121583000,62,126
A1121584000,61,126
A1121584700,61,126
A1121585000,62,126
A1121586000,62,126
A1121587000,62,126
A1123000000,61,127
A1123053600,61,127
A1123054500,61,127
A1123056000,61,127
A1123057000,61,127
A1123060000,61,127
A1123061000,61,127
A1123065000,61,127
A1123066000,61,127
A1123070500,61,127
A1123071000,61,127
A1123072000,61,127
A1123073000,61,127
A1123074000,61,127
A1123075000,61,127
A1126000000,62,128
A1126052000,62,127
A1126054000,62,127
A1126055000,62,127
A1126056500,62,127
A1126057000,62,127
A1126057500,62,127
A1126058000,62,127
A1126059000,62,127
A1126060000,62,127
A1126061000,62,127
A1126062000,62,128
A1126063000,62,128
A1126065500,62,127
A1126066000,62,127
A1126068000,62,128
A1126069000,62,128
A1129000000,61,127
A1129052500,60,127
A1129055500,60,127
A1129057500,61,127
A1129058000,61,127
A1129059000,60,127
A1129060000,61,127
A1129061000,61,127
A1129062000,60,127
A1129063000,60,127
A1129064000,60,128
A1129065000,60,128
A1129066000,61,127
A1129068500,61,128
A1129070500,61,127
A1129071500,61,128
A1129072500,61,127
A1129076000,61,128
A1129077000,61,128
A1129078000,61,128
A1129081000,61,128
A1130500000,61,128
A1130553400,61,128
A1130553500,61,128
A1130554500,61,128
A1130555500,61,128
A1130557500,61,128
A1130559500,61,128
A1130560300,61,128
A1130560800,61,128
A1130561500,60,128
A1130562500,61,128
A1130563500,61,128
A1130564500,60,128
A1130566000,60,128
A1132000000,61,129
A1132051100,61,128
A1132051200,61,128
A1132051300,61,128
A1132051400,61,129
A1132051500,61,129
A1132052100,61,129
A1132052200,61,129
A1132066000,61,128
A1132067000,61,129
A1132068000,61,128
A1132068100,61,129
A1132069000,61,129
A1132070000,61,129
A1132071000,61,129
A1135000000,61,129
A1135056000,61,128
A1135057000,61,128
A1135058000,61,128
A1135059500,61,128
A1135060000,62,128
A1135061100,61,128
A1135061200,61,128
A1135061900,62,128
A1135062100,62,129
A1135062400,62,129
A1135062500,61,128
A1135063000,61,129
A1135064000,61,129
A1135066500,61,129
A1135067000,61,129
A1135069500,61,129
A1135070000,61,129
A1135071000,61,129
A1135072000,61,129
A1138000000,59,127
A1138051000,59,127
A1138052000,59,128
A1138053000,59,128
A1138055100,59,128
A1138055200,59,128
A1138056000,59,128
A1138057000,59,128
A1138058000,59,127
A1138059000,59,127
A1138060000,59,127
A1138062500,59,127
A1138063100,59,127
A1138063200,59,127
A1138064000,59,127
A1138065000,58,127
A1138069000,59,128
A1141000000,59,127
A1141052000,60,127
A1141055500,59,126
A1141056500,59,127
A1141058500,59,126
A1141061500,59,127
A1141062000,59,127
A1141064000,59,127
A1141065500,59,127
A1141066000,59,127
A1141068500,59,127
A1141069000,59,127
A1141070000,59,127
A1141071000,59,127
A1141072000,59,127
A1144000000,59,127
A1144055500,59,126
A1144056500,60,126
A1144058500,59,126
A1144059000,59,126
A1144060000,59,126
A1144061000,59,126
A1144063000,59,126
A1144065500,59,126
A1144066000,59,126
A1144068000,59,126
A1144069000,59,126
A1144070000,59,126
A1144071000,59,127
A1144072000,59,127
A1144073000,59,127
A1144074000,58,127
A1147000000,58,126
A1147051000,58,126
A1147052000,58,126
A1147053000,58,126
A1147054000,58,126
A1147055000,58,126
A1147056000,57,126
A1147057000,58,126
A1147058000,57,126
A1147059000,57,126
A1147060000,57,126
A1147061000,58,126
A1147061100,57,126
A1147062000,58,126
A1147063000,58,126
A1147064000,58,126
A1147065000,58,126
A1147067000,58,126
A1147068000,58,125
A1150000000,58,126
A1150051000,58,126
A1150052000,58,126
A1150053000,58,126
A1150053500,58,126
A1150054000,58,126
A1150055000,58,126
A1150056000,57,126
A1150057000,58,126
A1150059000,58,126
A1150059100,58,126
A1150059300,58,126
A1150060300,57,127
A1150060400,58,127
A1150060500,58,127
A1150061100,57,126
A1150061500,58,126
A1150062000,57,126
A1150063000,57,127
A1150064000,57,127
A1150064100,57,127
A1153000000,58,125
A1153051000,58,125
A1153052000,58,125
A1153053000,58,125
A1153054000,58,125
A1153055000,58,125
A1153056000,58,125
A1153059500,58,125
A1153072000,58,125
A1153073000,58,125
A1153074000,58,125
A1153075000,58,125
A1153076000,58,125
A1153077000,58,125
A1153078000,57,125
A1153079000,57,125
A1153080000,57,125
A1154500000,59,124
A1154551000,58,125
A1154561000,58,125
A1154562000,59,124
A1154563000,59,125
A1154564000,59,124
A1154567000,58,124
A1154568000,59,124
A1154569000,59,124
A1154570000,59,124
A1154571000,59,124
A1156000000,58,126
A1156051500,59,126
A1156053500,59,126
A1156054000,59,126
A1156055000,58,126
A1156056000,59,126
A1156058500,59,125
A1156060500,59,126
A1156061000,58,126
A1156062000,58,126
A1156063000,59,125
A1156065000,59,125
A1156066000,59,125
A1156067000,59,125
A1156068000,59,125
A1156069000,59,125
A1156070000,59,125
A1156071000,58,125
A1156072000,58,125
A1159000000,59,125
A1159051000,59,125
A1159052000,59,125
A1159053000,59,125
A1159054000,59,125
A1159055000,59,125
A1159056000,59,125
A1159060500,60,125
A1159062000,60,125
A1159063000,60,125
A1159064000,60,125
A1159065000,60,125
A1159065100,60,125
A1159066000,59,125
A1159067000,59,125
A1159068000,59,125
A1162000000,59,125
A1162052500,59,125
A1162054500,59,125
A1162056500,59,125
A1162057500,59,125
A1162058500,60,125
A1162059500,59,125
A1162060500,59,125
A1162061500,59,125
A1162062500,59,125
A1162063000,60,125
A1162064500,59,125
A1162065500,59,125
A1162066500,59,125
A1162068500,59,125
A1162069500,59,125
A1162071500,59,124
A1162072500,59,125
A1162073500,59,125
A1162074500,59,125
A1162076500,59,125
A1162077500,59,125
A1165000000,61,125
A1165051000,61,125
A1165052000,61,125
A1165053000,60,125
A1165053100,61,125
A1165054000,60,126
A1165055000,60,125
A1165056000,60,125
A1165057000,60,125
A1165058000,60,125
A1165058100,60,125
A1165059000,60,125
A1165060000,60,125
A1165061000,60,125
A1165062000,60,125
A1165062100,60,125
A1165065100,61,125
A1165065200,61,125
A1165066000,61,124
A1168000000,61,126
A1168051000,61,126
A1168052100,61,125
A1168053100,61,126
A1168054500,61,126
A1168056500,61,126
A1168058000,61,125
A1168059000,61,125
A1168060000,61,125
A1168061000,61,125
A1168063000,61,125
A1168064000,61,125
A1168065000,61,125
A1168065500,61,125
A1168065600,61,125
A1168066000,61,125
A1168067000,62,125
A1168069000,61,125
A1168070000,62,125
A1168072000,62,125
A1168073000,62,125
A1168074000,62,125
A1168075000,62,125
A1171000000,62,126
A1171051000,62,126
A1171052000,62,126
A1171053100,63,125
A1171053200,63,125
A1171054000,63,125
A1171055000,63,125
A1171056100,62,125
A1171056200,62,126
A1171056600,63,126
A1171057000,62,125
A1171058000,62,125
A1171059000,62,125
A1171060000,62,125
A1171061000,62,125
A1171062000,62,125
A1171063100,62,125
A1171063200,62,125
A1171064100,62,125
A1171064200,62,125
A1171064600,63,125
A1171064700,63,125
A1171065000,62,125
A1171067000,62,126
A1171068000,62,125
A1171069000,62,126
A1171071000,62,126
A1171072000,62,125
A1174000000,62,126
A1174051500,63,127
A1174052500,63,126
A1174052600,63,126
A1174053000,63,126
A1174054000,63,126
A1174055000,63,127
A1174056000,63,127
A1174057000,63,126
A1174058000,62,126
A1174059000,63,126
A1174060000,63,126
A1174061000,62,126
A1174062000,62,126
A1174064000,62,126
A1174065000,62,126
A1174066000,63,126
A1174068500,63,126
A1174069000,63,126
A1174070000,63,126
A2600000000,98,76
A2611000000,97,74
A2611051000,97,74
A2611052000,97,74
A2611053000,97,74
A2611054500,97,74
A2611056000,97,74
A2611057000,97,74
A2611058000,97,74
A2611059000,97,74
A2611060000,97,74
A2614000000,97,74
A2614051000,97,74
A2614052000,97,74
A2614053000,97,74
A2614054000,97,74
A2614056000,97,74
A2614057000,97,74
A2614059000,97,74
A2614061500,97,74
A2614063000,97,74
A2614064000,97,74
A2614065000,97,74
A2614066000,97,74
A2614068000,97,73
A2617000000,98,75
A2617051000,97,74
A2617052000,97,74
A2617053000,97,74
A2617055000,97,74
A2617056000,97,74
A2617057000,97,75
A2617059000,97,75
A2617060000,97,75
A2617064500,98,75
A2617065000,98,75
A2617066000,98,75
A2617068000,98,75
A2620000000,98,74
A2620053000,97,74
A2620054000,97,74
A2620055000,97,74
A2620058500,97,74
A2620059000,97,74
A2620060500,97,74
A2620063000,98,74
A2620064000,98,74
A2620065000,98,73
A2620066000,98,73
A2620067000,98,74
A2623000000,97,75
A2623051000,98,75
A2623052000,98,75
A2623054000,97,76
A2623055000,97,76
A2623056000,98,76
A2623057000,98,76
A2623060000,98,75
A2623061000,98,75
A2623064000,97,75
A2623066000,97,75
A2623067000,97,75
A2623068000,97,75
A2623070000,97,75
A2623071000,97,75
A2623072000,97,75
A2623074000,97,75
A2623075000,97,75
A2623076000,97,75
A2623077000,98,75
A2623078000,98,75
A2626000000,98,76
A2626051000,98,76
A2626052000,98,76
A2626054500,98,77
A2626055000,98,77
A2626056000,98,76
A2626057000,98,76
A2626058000,98,76
A2626059000,98,76
A2626060000,98,76
A2626074000,98,76
A2626075000,98,76
A2626076100,98,76
A2626076200,98,76
A2629000000,98,75
A2629051000,98,75
A2629053000,98,75
A2629054000,98,75
A2629055000,98,75
A2629056000,98,75
A2629057000,99,74
A2629058000,99,74
A2629059000,99,74
A2629060000,99,74
A2629061000,98,74
A2629062000,98,74
A2629063000,98,74
A2629064500,98,75
A2629068000,98,75
A2629069000,98,75
A2629070000,98,75
A2629071000,98,75
A2632000000,96,76
A2632051000,97,76
A2632052000,96,76
A2632052100,97,76
A2632053000,97,77
A2632054100,97,77
A2632054200,97,77
A2632054300,97,77
A2632055000,97,76
A2632056000,97,76
A2632056100,97,76
A2632057100,97,76
A2632057200,97,76
A2632057300,97,76
A2635000000,99,75
A2635051000,99,75
A2635052000,99,76
A2635052500,99,75
A2635053000,99,75
A2635054000,100,75
A2635055100,100,76
A2635055200,100,76
A2635055300,100,76
A2635055400,100,76
A2635056000,100,76
A2635057000,99,76
A2635058000,99,76
A2635059000,99,76
A2635059500,99,76
A2635061000,99,77
A2635062000,99,77
A2635065000,99,76
A2635066000,99,76
A2638000000,96,74
A2638051000,96,74
A2638052000,97,74
A2638053000,97,74
A2638054000,96,74
A2638055000,96,74
A2638056100,96,74
A2638056200,96,74
A2638057100,96,74
A2638057200,96,74
A2638058000,96,73
A2638059000,96,73
A2638060100,96,73
A2638060200,96,73
A2638061000,96,73
A2638062000,97,74
A2638063000,97,74
A2641000000,98,77
A2641051000,98,77
A2641052000,98,76
A2641053000,98,76
A2641055500,98,77
A2641057000,98,77
A2641058000,98,77
A2641059000,98,77
A2641059100,98,77
A2641060000,98,77
A2641061000,98,77
A2641063500,98,78
A2641066500,98,78
A2641067000,98,78
A2641068000,98,77
A2641069000,98,77
A2641070000,97,77
A2644000000,96,76
A2644051000,96,76
A2644052000,96,76
A2644053000,95,76
A2644053500,95,74
A2644054500,95,74
A2644055000,95,76
A2644056000,94,74
A2644058000,93,73
A2647000000,98,76
A2647061000,98,76
A2647062000,98,76
A2647063000,98,76
A2647064000,98,76
A2647065000,98,76
A2647066000,98,76
A2647067000,98,76
A2647068000,98,76
A2647069000,98,76
A2647070000,98,76
A2647072000,98,76
A2647073000,98,76
A2650000000,99,75
A2650066000,99,75
A2650067000,99,75
A2650073000,99,76
A2650074000,98,76
A2650075000,99,76
A2650076000,99,75
A2650077000,99,75
A2650078000,99,75
A2650079000,99,75
A2650080000,99,75
A2653000000,96,75
A2653058000,96,76
A2653059100,96,76
A2653059300,96,76
A2653060000,96,75
A2653061000,96,76
A2653062000,96,75
A2653064500,96,75
A2653065000,97,75
A2653066000,97,75
A2653066100,97,75
A2653067000,96,75
A2653068000,96,75
A2671000000,100,77
A2671025000,100,77
A2671025300,101,79
A2671025600,100,79
A2671031000,101,78
A2671033000,99,78
A2700000000,89,90
A2711000000,89,90
A2711051700,89,91
A2711054500,89,90
A2711056500,89,90
A2711057500,89,90
A2711058500,89,90
A2711059500,89,90
A2711064000,89,90
A2711065000,89,90
A2711066000,89,90
A2711067000,89,90
A2711068000,89,90
A2711069000,89,90
A2714000000,90,91
A2714051000,89,91
A2714052000,89,91
A2714053000,89,91
A2714054000,89,91
A2714054100,89,91
A2714055500,89,90
A2714057000,89,91
A2714058000,89,90
A2714059000,90,91
A2714060000,90,91
A2714061500,90,91
A2714062000,90,91
A2714064000,90,91
A2714065500,90,91
A2714067000,90,91
A2714068500,90,91
A2714072000,91,90
A2714073000,90,91
A2714074200,91,91
A2714074700,91,91
A2714075500,91,91
A2714076000,90,92
A2717000000,88,90
A2717051000,88,90
A2717052500,88,90
A2717054000,88,90
A2717055000,88,91
A2717056500,88,91
A2717058000,88,90
A2717059000,88,91
A2717060000,88,91
A2717061000,88,91
A2717062000,88,91
A2717063000,88,90
A2717064000,88,91
A2717065000,88,90
A2717066000,88,90
A2717066100,88,91
A2717067500,88,90
A2717069500,88,91
A2720000000,89,90
A2720051500,89,90
A2720053000,89,90
A2720054000,89,90
A2720055000,89,90
A2720056000,89,90
A2720057100,89,90
A2720058600,89,90
A2720059000,88,90
A2720060000,89,90
A2720061000,88,90
A2720064000,89,90
A2720065000,88,90
A2720066000,88,90
A2723000000,89,91
A2723051000,89,91
A2723052600,89,91
A2723055000,89,91
A2723056000,89,91
A2723057000,89,91
A2723061000,89,91
A2723062000,89,91
A2723063000,89,91
A2723063100,89,91
A2723064500,89,91
A2723067100,89,91
A2723067200,89,91
A2723068000,89,91
A2723069500,89,92
A2723071500,88,91
A2723072500,88,92
A2723073500,88,92
A2723074500,88,92
A2723075000,88,92
A2723077000,88,92
A2723078000,88,92
A2723079000,89,91
A2723080000,88,92
A2726000000,89,90
A2726051000,89,90
A2726052000,89,90
A2726053000,89,90
A2726054000,90,90
A2726055000,90,91
A2726056000,90,90
A2726056100,90,90
A2726057000,89,90
A2726058000,89,90
A2726059000,89,90
A2726060100,90,90
A2726060200,89,90
A2726061000,89,90
A2726062000,89,90
A2726063000,89,89
A2726064000,89,90
A2726065100,90,89
A2726065200,89,89
A2726066100,90,89
A2726066200,90,89
A2726067000,91,90
A2726068000,91,90
A2726069000,91,90
A2729000000,88,90
A2729051500,88,90
A2729053500,89,90
A2729055000,88,90
A2729055500,88,90
A2729056300,88,90
A2729056800,88,90
A2729057100,88,90
A2729057200,88,90
A2729057600,87,90
A2729057700,87,90
A2729058500,87,90
A2729059000,88,90
A2729060100,88,89
A2729060200,88,90
A2729061500,88,89
A2729061700,87,89
A2729062400,88,89
A2729062500,88,89
A2729062600,88,89
A2729062800,88,89
A2729063000,88,90
A2729064000,88,90
A2729065000,88,90
A2771000000,86,88
A2771025000,87,89
A2771025300,86,88
A2771025600,86,90
A2771025900,87,87
A2771026200,87,89
A2771026500,86,87
A2771031000,89,89
A2771033000,86,91
A2771038000,86,86
A2800000000,55,124
A2811000000,54,125
A2811052000,53,124
A2811053000,54,125
A2811054000,54,124
A2811056000,54,124
A2811057000,54,124
A2811058500,54,125
A2811061500,54,125
A2811062000,52,125
A2811062200,53,125
A2811062800,51,125
A2811063000,50,124
A2814000000,54,125
A2814051000,54,125
A2814052500,54,125
A2814053000,54,125
A2814055500,54,125
A2814057000,54,125
A2814058000,54,125
A2814059000,54,125
A2814060500,54,125
A2814061000,54,125
A2814063000,54,125
A2814064000,54,125
A2817700000,54,124
A2817751000,54,124
A2817752000,54,125
A2817753000,54,124
A2817754000,54,124
A2817755000,54,124
A2817756000,54,124
A2817757000,54,124
A2817758000,54,124
A2817759000,55,124
A2817760000,55,124
A2817761000,54,125
A2817762000,55,124
A2817763000,55,124
A2817764000,55,124
A2817765000,55,124
A2817766000,55,124
A2817767000,55,124
A2817768000,55,124
A2817769000,55,124
A2817770000,55,124
A2817771000,55,124
A2818500000,55,123
A2818563000,54,124
A2818564000,54,124
A2818575000,55,123
A2818576100,55,123
A2818576200,55,123
A2818576300,55,123
A2818576600,55,124
A2818578000,55,123
A2818579000,55,123
A2818579500,55,123
A2818582000,54,123
A2818583000,54,123
A2818584000,54,123
A2818585000,54,123
A2818586000,54,123
A2820000000,56,124
A2820051000,55,124
A2820052000,55,124
A2820052100,55,124
A2820052200,56,124
A2820053000,55,124
A2820054000,55,124
A2820055000,55,124
A2820055100,55,124
A2820056000,56,124
A2820057000,56,124
A2820058000,55,124
A2820058100,56,124
A2820058200,56,124
A2820058300,56,124
A2820065000,56,124
A2820065500,56,124
A2820066000,55,124
A2820069000,56,123
A2820070000,55,123
A2820071000,55,123
A2823700000,55,125
A2823751000,55,125
A2823752000,55,125
A2823753000,55,125
A2823754000,56,125
A2823755000,56,125
A2823756000,56,125
A2823757000,55,125
A2823758000,55,125
A2823758100,55,125
A2823758200,55,125
A2823759100,55,126
A2823759200,55,125
A2823764100,56,126
A2823764200,56,125
A2823764600,56,126
A2823764800,56,125
A2823765000,56,125
A2823766000,56,125
A2823766100,56,125
A2823767000,56,125
A2823768000,55,125
A2823769000,55,125
A2824500000,56,126
A2824560100,55,126
A2824560200,55,126
A2824561100,55,126
A2824561200,56,126
A2824561300,56,126
A2824561400,56,126
A2824562100,56,126
A2824562200,55,126
A2824564000,56,126
A2824571000,56,127
A2824572000,56,126
A2824573000,56,127
A2826000000,55,126
A2826051500,55,127
A2826053000,55,126
A2826053600,54,126
A2826053700,54,126
A2826053900,54,126
A2826054200,55,126
A2826054300,55,126
A2826054400,55,125
A2826055000,55,125
A2826056000,55,125
A2826056100,55,125
A2826057500,55,125
A2826058000,55,125
A2826059000,55,125
A2826060000,55,125
A2826061000,55,125
A2826068000,54,127
A2826069000,55,128
A2826070000,55,127
A2826071000,55,127
A2826072000,54,127
A2826073000,54,127
A2826074000,55,127
A2871000000,51,130
A2871025000,51,131
A2871031000,51,130
A2871032000,51,129
A2871033000,51,128
A2871034000,50,128
A2871035000,50,129
A2871036000,50,130
A2871037000,50,131
A2871038000,50,132
A2871039000,51,131
A2871040000,48,131
A2871041000,49,130
A2871042000,47,128
A2872000000,54,124
A2872031000,50,126
A2872033000,21,135
A2872034000,21,132
A2872035000,46,119
A2872036000,51,120
A2872037000,48,120
A2872038000,38,129
A2900000000,58,74
A2911000000,60,74
A2911052500,59,74
A2911054500,60,74
A2911056000,59,74
A2911057000,60,74
A2911059000,60,74
A2911060000,60,74
A2911062000,60,74
A2911063000,60,74
A2911065500,60,74
A2911068500,60,74
A2911071000,60,74
A2911073000,60,73
A2911074000,60,73
A2914000000,59,74
A2914057500,59,74
A2914059000,59,74
A2914065000,59,74
A2914066000,59,74
A2914073000,59,74
A2914074000,58,74
A2914074500,58,74
A2914075100,59,74
A2914075200,58,74
A2914076000,59,74
A2914077000,59,74
A2914078000,59,74
A2914079000,59,74
A2914080000,58,73
A2914082100,58,74
A2914082400,58,74
A2914083000,59,74
A2914084000,58,75
A2915500000,59,73
A2915551000,59,74
A2915552000,59,74
A2915553000,59,74
A2915553700,59,74
A2915553800,59,73
A2915554500,59,74
A2915560500,59,74
A2915563000,59,74
A2915564000,59,74
A2915567000,59,74
A2915568000,59,74
A2915569000,59,74
A2915570000,59,74
A2915570500,59,73
A2915571000,59,73
A2915572000,59,73
A2915573000,58,73
A2917000000,59,75
A2917051000,59,74
A2917052000,59,74
A2917053000,59,75
A2917055500,59,74
A2917057000,59,74
A2917058000,59,74
A2917059000,59,75
A2917060100,59,75
A2917060200,59,75
A2917060300,59,75
A2917061500,58,75
A2917062000,59,75
A2917063500,60,74
A2917065000,60,75
A2917065600,59,75
A2917065700,59,75
A2917066100,60,75
A2917066200,60,75
A2917066300,60,74
A2917066600,59,75
A2917066900,59,75
A2917067300,59,75
A2917067600,59,75
A2917067700,59,75
A2917068500,60,75
A2917069500,59,76
A2917069600,59,76
A2917069700,58,75
A2920000000,57,74
A2920051500,57,74
A2920052500,57,74
A2920054000,57,74
A2920055000,57,74
A2920056500,57,74
A2920058000,57,74
A2920060000,57,75
A2920061000,57,75
A2920062000,58,76
A2920062400,58,76
A2920062600,58,76
A2920063000,58,75
A2920063500,58,75
A2920063700,58,75
A2920064000,57,75
A2920065000,56,76
A2920066000,57,73
A2920067000,57,73
A2920068000,55,74
A2920069000,56,75
A2920070000,58,75
A3000000000,67,100
A3011000000,68,100
A3011051500,68,100
A3011053000,68,100
A3011054500,68,100
A3011055100,69,100
A3011055200,69,100
A3011056000,69,100
A3011058500,68,100
A3011059000,68,100
A3011062000,68,100
A3011063000,68,100
A3011064000,68,101
A3011066500,68,100
A3011067000,68,100
A3011069500,68,100
A3011072500,69,100
A3011074000,69,99
A3014000000,68,100
A3014053500,68,100
A3014055000,68,100
A3014056000,68,100
A3014057500,68,100
A3014060500,68,100
A3014062000,68,99
A3014063000,68,100
A3014064000,68,100
A3014065500,68,100
A3014067000,68,100
A3014068000,68,100
A3014069000,67,100
A3014070000,67,100
A3014071000,68,100
A3014072000,68,100
A3014073000,68,99
A3014074000,67,99
A3017000000,67,100
A3017051000,67,99
A3017052000,67,100
A3017053000,67,100
A3017053500,67,99
A3017054000,67,100
A3017055000,67,100
A3017055500,67,100
A3017056000,67,100
A3017057000,67,100
A3017057500,67,100
A3017058100,67,100
A3017058200,67,100
A3017058600,67,100
A3017058700,67,101
A3017058800,67,101
A3017059000,67,99
A3017059600,66,99
A3017059700,66,99
A3017060000,67,98
A3017063000,67,100
A3017064000,67,100
A3017065000,67,101
A3017066000,68,101
A3020000000,67,101
A3020052000,66,99
A3020052600,66,100
A3020052700,66,100
A3020053000,66,100
A3020054000,66,101
A3020054600,66,101
A3020054700,66,101
A3020054800,66,101
A3020055000,67,101
A3020057000,68,101
A3020058000,67,102
A3020060000,68,101
A3020061000,67,100
A3023000000,68,100
A3023051000,68,100
A3023052000,68,101
A3023052500,68,101
A3023053300,68,100
A3023054300,68,101
A3023054600,68,101
A3023055000,68,103
A3023056000,68,102
A3023057000,68,102
A3023058000,68,102
A3023060000,68,101
A3023061000,68,101
A3100000000,102,84
A3111000000,102,84
A3111051000,102,84
A3111052000,102,84
A3111053000,102,84
A3111054000,102,84
A3111055000,102,84
A3111058500,102,84
A3111059000,102,84
A3111060000,102,84
A3111061000,101,84
A3111062000,102,84
A3111063000,102,85
A3111064000,102,84
A3111065000,102,85
A3114000000,102,84
A3114051000,102,84
A3114052000,102,84
A3114053000,102,84
A3114054000,102,83
A3114055000,102,84
A3114056000,102,84
A3114057000,102,84
A3114058500,101,84
A3114059500,101,84
A3114060000,101,84
A3114062500,102,83
A3114063500,102,83
A3114064000,102,83
A3114067000,102,83
A3117000000,104,83
A3117051000,104,83
A3117052000,104,83
A3117053000,104,83
A3117054000,104,83
A3117055000,104,83
A3117056000,104,83
A3117058000,104,84
A3117059000,104,83
A3117060000,104,84
A3120000000,103,85
A3120051000,102,86
A3120052000,102,86
A3120053000,102,86
A3120054000,104,85
A3120056000,103,85
A3120057000,103,85
A3120058000,103,84
A3120059000,103,83
A3171000000,101,84
A3171025000,102,81
A3171025300,98,84
A3171025600,101,81
A3171025900,100,84
A3171026200,102,83
A3171026500,98,84
A3171031000,102,80
A3171034000,100,82
A3171036000,100,86
A3171037000,99,86
A3171038000,98,85
A3171040000,99,83
A3600000000,66,103
A3611000000,66,103
A3611025000,66,106
A3611031000,65,105
A3611032000,66,105
A3611033000,67,104
A3611034000,65,103
A3611035000,64,104
A3611036000,65,106
A3611037000,64,108
A3611038000,65,107
A3611039000,63,108
A3611051000,65,103
A3611051500,65,103
A3611052000,65,104
A3611052500,65,104
A3611053000,65,104
A3611054000,65,104
A3611055000,65,104
A3611055500,66,103
A3611055600,66,104
A3611056000,66,103
A3611057000,65,103
A3611058000,65,104
A4100000000,60,120
A4111100000,60,121
A4111156000,60,121
A4111156600,60,121
A4111157100,60,121
A4111157200,60,121
A4111157300,60,121
A4111158000,61,121
A4111159100,60,121
A4111159700,61,121
A4111159800,60,121
A4111160000,61,121
A4111300000,60,120
A4111352000,60,120
A4111353000,61,120
A4111354000,61,120
A4111355000,60,120
A4111356000,60,120
A4111365000,60,120
A4111366200,59,120
A4111366400,60,120
A4111367000,61,120
A4111368000,61,120
A4111369000,61,120
A4111370000,60,121
A4111500000,61,121
A4111565000,61,120
A4111566000,60,120
A4111567000,60,120
A4111568000,60,120
A4111569000,60,121
A4111570000,61,120
A4111571000,61,121
A4111572000,61,120
A4111573000,61,120
A4111574000,61,121
A4111700000,61,120
A4111751000,61,120
A4111752000,61,120
A4111753000,61,120
A4111754000,61,120
A4111755000,61,120
A4111757000,62,120
A4111758000,61,120
A4111758500,62,120
A4111759300,61,120
A4111759600,61,120
A4111760000,61,121
A4111761000,62,121
A4113100000,63,124
A4113151000,63,124
A4113152000,63,124
A4113153000,63,124
A4113154000,62,124
A4113155000,63,124
A4113156000,63,124
A4113156100,63,124
A4113157000,63,124
A4113158000,62,124
A4113159000,63,124
A4113160000,63,124
A4113161000,63,124
A4113162000,62,124
A4113162500,63,125
A4113163000,62,124
A4113164000,62,124
A4113165000,62,124
A4113300000,63,124
A4113351000,63,124
A4113352500,63,124
A4113353000,63,124
A4113354000,63,124
A4113355000,63,124
A4113356000,63,124
A4113357000,63,124
A4113358000,63,124
A4113359000,63,124
A4113366000,63,124
A4113367000,63,123
A4113500000,62,123
A4113551000,63,122
A4113552000,62,123
A4113553000,62,122
A4113554000,62,122
A4113554500,62,122
A4113555000,62,122
A4113556000,62,122
A4113557000,62,122
A4113558000,62,123
A4113559000,63,123
A4113560000,62,123
A4113561000,62,123
A4113562000,63,123
A4113563000,62,123
A4113564000,63,123
A4113565000,62,123
A4113565500,62,123
A4113565700,62,123
A4113566200,62,122
A4113566500,62,122
A4113567000,62,122
A4113568000,62,123
A4115000000,61,130
A4115051000,61,131
A4115052000,61,130
A4115054500,61,130
A4115055500,61,130
A4115056100,61,130
A4115056700,61,130
A4115056800,61,131
A4115057300,62,130
A4115057600,62,130
A4115057800,62,131
A4115058000,61,131
A4115059500,61,131
A4115061500,61,131
A4115062000,61,131
A4117100000,59,123
A4117151000,59,123
A4117152000,59,123
A4117153000,59,123
A4117154000,59,123
A4117155000,59,123
A4117156000,59,123
A4117157000,59,123
A4117158000,59,123
A4117158100,59,123
A4117159000,59,123
A4117160000,59,123
A4117161000,58,123
A4117162100,59,123
A4117163000,59,123
A4117300000,59,123
A4117351000,59,123
A4117352000,59,123
A4117353000,59,123
A4117354000,59,123
A4117354600,59,123
A4117355000,60,123
A4117356000,60,123
A4117356600,60,123
A4117357000,60,123
A4117357600,60,123
A4117357800,60,123
A4117358000,60,122
A4117359000,59,123
A4117360000,60,122
A4117361000,59,123
A4117362000,60,123
A4117363000,60,123
A4119000000,56,125
A4119060300,57,125
A4119060600,57,125
A4119061000,56,125
A4119074200,56,125
A4119074400,56,125
A4119074600,56,125
A4119075000,57,125
A4119079500,57,125
A4119080000,57,126
A4119083000,57,126
A4121000000,58,125
A4121051000,58,125
A4121052000,58,125
A4121054000,58,125
A4121055000,58,125
A4121056000,58,125
A4121057000,58,125
A4121058000,58,125
A4121059000,58,125
A4121060000,58,125
A4121061000,58,125
A4121062000,58,125
A4121063100,58,124
A4121063200,58,124
A4121063300,58,124
A4121063400,58,124
A4121064000,58,124
A4121065000,58,124
A4121065500,58,123
A4121066000,58,123
A4122000000,62,114
A4122025000,61,114
A4122025300,59,114
A4122025600,58,114
A4122025900,59,115
A4122031000,62,117
A4122032000,61,117
A4122033000,61,115
A4122034000,60,115
A4122037000,59,114
A4122051000,61,116
A4122052000,61,116
A4122053500,62,115
A4122055000,61,116
A4122056000,61,116
A4122057000,61,116
A4122058000,61,116
A4122059000,62,114
A4122060000,62,114
A4122061000,62,114
A4122062000,62,114
A4122063000,62,114
A4122063500,63,114
A4122064000,62,114
A4122065000,62,115
A4122066000,61,115
A4125000000,61,134
A4125051000,61,134
A4125052000,61,134
A4125053500,61,134
A4125055000,61,134
A4125056500,61,134
A4125056600,61,134
A4125058000,61,135
A4125060000,61,134
A4127100000,58,121
A4127151000,58,121
A4127151500,58,121
A4127152500,58,121
A4127153200,58,121
A4127153700,57,121
A4127154000,58,121
A4127155000,58,121
A4127156000,58,121
A4127157000,58,122
A4127158000,58,122
A4127159000,58,121
A4127160000,59,121
A4127161000,58,122
A4127300000,57,121
A4127351000,57,122
A4127352500,57,122
A4127353200,57,121
A4127353500,57,121
A4127354500,57,122
A4127355500,57,122
A4127356500,57,122
A4127357000,57,121
A4127358000,57,122
A4127359000,57,122
A4127360000,57,122
A4127361000,53,120
A4128100000,57,128
A4128151000,57,129
A4128152000,58,129
A4128153000,58,128
A4128154000,57,129
A4128155000,57,128
A4128156000,59,128
A4128157600,58,129
A4128157700,58,129
A4128158000,58,128
A4128159000,59,130
A4128160000,58,129
A4128161000,57,128
A4128162100,57,128
A4128162200,57,128
A4128163000,57,128
A4128164000,57,128
A4128165000,57,128
A4128165500,57,128
A4128165600,58,128
A4128166000,58,127
A4128167000,58,127
A4128500000,56,129
A4128551000,57,129
A4128552500,56,129
A4128552600,56,129
A4128553000,56,129
A4128554000,57,129
A4128555100,57,128
A4128555200,57,128
A4128556000,57,129
A4128557000,56,128
A4128558000,56,128
A4128559000,56,128
A4128560000,57,130
A4128700000,56,129
A4128751000,56,129
A4128752000,56,129
A4128753000,56,129
A4128754500,56,129
A4128754600,56,130
A4128755000,56,129
A4128756000,56,129
A4128757000,56,129
A4128758000,56,129
A4128760000,56,129
A4128761000,55,129
A4129000000,60,124
A4129051000,60,124
A4129052000,60,123
A4129053000,60,124
A4129054000,60,124
A4129055000,60,124
A4129056000,60,124
A4131000000,62,127
A4131051000,62,128
A4131052000,63,128
A4131053000,63,128
A4131054100,62,127
A4131054200,63,127
A4131057000,63,127
A4131058000,63,127
A4131059000,63,127
A4136000000,64,128
A4136025000,64,127
A4136025300,63,130
A4136025600,65,129
A4136025900,63,129
A4136026200,64,130
A4136026500,63,128
A4136031000,62,129
A4136034000,66,130
A4136036000,65,126
A4136051000,64,129
A4136052000,64,128
A4136053000,64,128
A4136054000,63,128
A4136054500,63,128
A4136056500,63,128
A4136057000,62,128
A4137000000,62,118
A4137051000,62,118
A4137053000,61,118
A4137054000,61,118
A4137055000,61,118
A4137056000,61,117
A4137057000,62,117
A4139000000,57,123
A4139051000,57,124
A4139052000,57,124
A4139053100,57,123
A4139054000,57,124
A4139055000,57,123
A4139057000,58,123
A4139058100,57,122
A4139058200,56,123
A4139058900,56,122
A4139059100,56,122
A4139059200,56,122
A4139059300,56,122
A4139059400,56,122
A4139059600,56,122
A4139059700,56,122
A4139062100,57,124
A4139063000,57,123
A4139063100,57,123
A4139064000,57,122
A4141000000,59,122
A4141051000,59,122
A4141052000,59,122
A4141054000,59,122
A4141055000,59,122
A4141056000,59,122
A4141057000,59,122
A4141058000,59,122
A4141059000,59,122
A4141060000,59,122
A4141061000,59,122
A4141062000,59,122
A4141063000,59,121
A4143000000,60,122
A4143051000,60,122
A4143052000,60,121
A4143053000,60,122
A4143054000,60,123
A4143055000,60,123
A4143056000,60,123
A4145000000,64,126
A4145051000,64,126
A4145052000,64,126
A4145053000,64,126
A4145054000,64,126
A4145055000,64,126
A4145056000,64,126
A4145057000,63,126
A4145058000,63,126
A4145058200,63,126
A4145058500,63,125
A4145059000,64,126
A4145060000,63,126
A4145061000,64,127
A4145062000,63,127
A4146100000,64,119
A4146125000,64,120
A4146125300,64,122
A4146125600,64,117
A4146125900,63,117
A4146134000,66,118
A4146135000,67,118
A4146136000,65,120
A4146151000,64,119
A4146152500,64,120
A4146152600,63,120
A4146153000,64,120
A4146154000,64,119
A4146300000,62,120
A4146351000,62,120
A4146351600,62,120
A4146351700,62,120
A4146352000,63,120
A4146353000,62,120
A4146353500,62,120
A4146354000,62,120
A4146355000,62,120
A4146356000,62,121
A4146357000,62,121
A4146357200,63,120
A4146357500,63,120
A4146357700,63,121
A4146358600,63,120
A4146359000,62,121
A4146500000,62,121
A4146551000,62,121
A4146552000,62,121
A4146553000,62,121
A4146554000,62,122
A4146555000,62,122
A4146555500,62,122
A4146556000,62,122
A4146557000,62,121
A4146558000,62,121
A4146558500,62,121
A4146559000,62,121
A4148000000,56,131
A4148025000,56,133
A4148025300,57,132
A4148025600,58,133
A4148026200,57,130
A4148031000,57,132
A4148032000,55,132
A4148035000,58,131
A4148036000,57,134
A4148037000,59,135
A4148039000,55,133
A4148051000,56,131
A4148052000,56,131
A4148053000,56,131
A4148054000,56,131
A4148055000,56,130
A4148056000,56,130
A4148057000,56,130
A4150000000,68,121
A4150025000,71,117
A4150025300,69,121
A4150031000,67,121
A4150032000,69,122
A4150033000,68,119
A4150034000,66,120
A4150035000,69,119
A4150036000,69,118
A4150037000,69,117
A4150038000,70,117
A4150051000,68,121
A4150051500,68,121
A4150052000,68,121
A4150053000,68,121
A4155000000,65,115
A4155025000,63,114
A4155031000,65,115
A4155032000,66,114
A4155033000,65,113
A4155034000,64,114
A4155035000,64,115
A4155036000,64,116
A4155038000,63,115
A4155039000,69,116
A4155040000,68,116
A4155041000,67,116
A4155042000,65,116
A4155051000,65,115
A4155052000,65,114
A4155053000,65,115
A4157000000,55,128
A4157025000,53,129
A4157025300,56,127
A4157025600,54,129
A4157034000,53,128
A4157035000,53,130
A4157036000,54,130
A4157051500,55,128
A4157052500,55,128
A4157054000,55,128
A4157055000,55,127
A4157056000,55,128
A4157057000,54,128
A4157057500,54,128
A4157058000,55,129
A4159000000,57,119
A4159025300,59,119
A4159025600,57,116
A4159025900,59,117
A4159026200,57,119
A4159031000,59,120
A4159032000,58,119
A4159033000,56,119
A4159034000,56,119
A4159035000,55,118
A4159036000,59,118
A4159037000,57,116
A4159040000,59,116
A4159041000,60,118
A4159051500,57,121
A4159052000,61,119
A4159053000,61,119
A4159054000,61,119
A4159055000,61,119
A4159056000,60,119
A4159057000,61,119
A4159058500,62,119
A4159058600,62,119
A4159058700,61,119
A4159058800,62,119
A4159059000,62,119
A4159060000,62,118
A4159061000,62,118
A4159062000,62,118
A4161000000,65,123
A4161025000,64,122
A4161025300,65,123
A4161025900,66,122
A4161033000,66,121
A4161034000,66,125
A4161035000,65,125
A4161037000,64,124
A4161051000,65,123
A4161052000,65,124
A4161054000,65,123
A4161055000,64,124
A4161056000,64,123
A4161057000,64,123
A4163000000,61,131
A4163025000,60,132
A4163031000,61,133
A4163032000,60,134
A4163033000,60,132
A4163034000,59,130
A4163051000,61,131
A4163052000,62,132
A4163053000,61,133
A4163054000,61,132
A4163055000,61,133
A4163056000,62,132
A4165000000,64,134
A4165025000,63,132
A4165031000,64,134
A4165032000,64,131
A4165033000,63,133
A4165034000,64,135
A4165035000,63,136
A4165036000,64,136
A4165037000,66,135
A4165038000,66,137
A4165039000,65,138
A4165040000,64,140
A4165041000,65,134
A4165051000,64,134
A4165052000,63,133
A4167000000,71,121
A4167025000,70,119
A4167031000,72,119
A4167032000,70,122
A4167033000,69,123
A4167034500,70,121
A4167035000,70,123
A4167036000,72,122
A4167037000,73,120
A4167038000,68,123
A4167051000,71,121
A4167052000,71,121
A4167053000,71,121
A4180000000,61,138
A4180025000,61,138
A4180025300,61,137
A4180031000,60,138
A4180032000,61,136
A4180033000,59,137
A4180034000,60,137
A4180035000,60,137
A4180036000,62,140
A4180037000,60,139
A4180038000,58,136
A4182000000,69,133
A4182025000,69,132
A4182031000,69,129
A4182032500,67,131
A4182033000,66,132
A4182034500,66,132
A4182035000,70,134
A4183000000,69,125
A4183025000,69,125
A4183031000,69,125
A4183032000,67,125
A4183033000,66,126
A4183034000,68,126
A4183035000,66,128
A4183036000,72,126
A4183037000,72,127
A4183038000,73,124
A4183039500,71,125
A4183040000,70,125
A4183041000,70,124
A4200000000,73,134
A4211000000,73,134
A4211025000,73,135
A4211031000,73,134
A4211032000,74,131
A4211033000,72,132
A4211034000,70,130
A4211035000,72,134
A4211036000,71,137
A4211038000,75,136
A4211039000,73,133
A4211040000,71,132
A4211052000,73,134
A4211053000,73,134
A4211054500,73,134
A4211057000,72,134
A4211058000,73,134
A4211060000,73,134
A4211061000,73,134
A4211061100,73,134
A4211062000,73,133
A4211063000,73,133
A4211064000,73,134
A4211065000,73,133
A4211066000,73,133
A4211067500,72,133
A4211070500,73,134
A4213000000,76,122
A4213025000,74,121
A4213031000,78,124
A4213032000,76,124
A4213033000,75,122
A4213035000,73,119
A4213036000,76,118
A4213037000,76,121
A4213038000,78,121
A4213039000,79,120
A4213051500,77,122
A4213052000,77,122
A4213053000,77,122
A4213054100,77,122
A4213054200,77,122
A4213055000,77,122
A4213056000,77,122
A4213057500,77,122
A4213059000,76,122
A4213060000,76,123
A4213061000,77,122
A4213062000,77,123
A4213063500,77,122
A4213065000,77,122
A4213066000,76,122
A4213067500,77,122
A4215000000,92,131
A4215025000,91,134
A4215031000,92,131
A4215032000,92,130
A4215033000,92,131
A4215034000,94,131
A4215035000,95,129
A4215036000,92,133
A4215037000,92,134
A4215051000,92,131
A4215052000,93,132
A4215054000,93,132
A4215055000,92,132
A4215056000,93,132
A4215057100,93,132
A4215057200,93,132
A4215058000,93,132
A4215059000,93,132
A4215060000,92,131
A4215061500,93,131
A4215064500,93,132
A4215066500,92,132
A4217000000,97,127
A4217051000,97,127
A4217052000,97,126
A4217053000,97,126
A4217054000,96,127
A4217055000,96,127
A4217057000,96,127
A4217059000,97,127
A4217060000,97,126
A4217063000,96,127
A4217065000,96,126
A4219000000,95,119
A4219051500,95,119
A4219052500,95,119
A4219053500,95,119
A4219054000,95,119
A4219058500,94,118
A4219059500,95,117
A4219060500,95,117
A4219061500,96,118
A4221000000,87,141
A4221051000,87,141
A4221052000,87,141
A4221054000,87,141
A4221056000,87,141
A4221057000,87,141
A4221058000,87,141
A4221059000,87,141
A4221060000,87,140
A4223000000,98,125
A4223025000,96,120
A4223025300,101,119
A4223031000,99,124
A4223032000,94,123
A4223033000,98,123
A4223034000,97,124
A4223035000,98,119
A4223036000,96,123
A4223051000,98,125
A4223053000,98,125
A4223054000,98,125
A4223057000,97,125
A4272000000,75,130
A4272025000,75,130
A4272031000,77,131
A4272032000,78,134
A4272033000,79,132
A4272034000,81,130
A4272035200,76,129
A4272036000,73,128
A4272037000,72,129
A4272038000,75,130
A4272039000,84,132
A4273000000,77,125
A4273025000,77,125
A4273031000,79,125
A4273032000,80,124
A4273033000,81,126
A4273034000,79,127
A4273035000,80,127
A4273036000,77,126
A4273037000,75,125
A4273038000,80,123
A4275000000,86,119
A4275025000,86,119
A4275025300,92,118
A4275031200,89,118
A4275032500,88,118
A4275033000,85,120
A4275034000,85,119
A4275035500,83,120
A4275036000,82,121
A4275038000,82,121
A4276000000,84,123
A4276025000,84,123
A4276031000,86,122
A4276032000,84,124
A4276033000,85,126
A4276034000,84,128
A4276035000,85,128
A4276036000,87,129
A4276038000,89,130
A4277000000,89,123
A4277025000,89,123
A4277025300,92,120
A4277025600,92,120
A4277025900,89,120
A4277032000,90,121
A4277034000,89,125
A4277035000,92,126
A4277036000,91,123
A4277037000,90,125
A4278000000,65,139
A4278025000,64,141
A4278025300,67,142
A4278025600,65,139
A4278025900,64,141
A4278031000,67,140
A4278032000,68,141
A4278033000,67,143
A4278034000,69,143
A4278035000,73,143
A4278036000,71,143
A4278037000,75,143
A4279000000,72,139
A4279025000,72,139
A4279031000,74,137
A4279032000,71,138
A4279033000,71,140
A4279034000,69,138
A4280000000,77,139
A4280025000,77,139
A4280031500,78,139
A4280032000,78,141
A4280033000,76,141
A4280034000,79,143
A4281000000,80,138
A4281025000,80,138
A4281031000,79,136
A4281032000,81,139
A4281033000,83,136
A4281034000,81,141
A4281035000,82,134
A4282000000,85,145
A4282025000,85,145
A4282025300,85,146
A4282031000,84,147
A4282032000,86,144
A4282033000,87,142
A4282034000,82,146
A4283000000,88,138
A4283025000,88,138
A4283031000,87,138
A4283032000,88,138
A4283033000,89,137
A4283034000,90,136
A4283035000,87,140
A4300000000,69,107
A4311100000,69,106
A4311131000,71,106
A4311132000,72,107
A4311133000,70,105
A4311134000,69,106
A4311135000,69,104
A4311152500,69,107
A4311154500,69,107
A4311162000,69,107
A4311167000,69,106
A4311168000,69,106
A4311169000,69,107
A4311172000,69,106
A4311173000,69,106
A4311200000,69,107
A4311231000,68,105
A4311232000,68,103
A4311251000,69,107
A4311252000,69,106
A4311253000,68,107
A4311254000,69,106
A4311255000,69,106
A4311256000,69,106
A4311257000,69,106
A4311258000,69,106
A4311259000,68,106
A4311300000,67,106
A4311325000,66,106
A4311331000,67,106
A4311332000,67,107
A4311370000,69,107
A4311374100,68,107
A4311374200,68,106
A4311374700,68,106
A4311375100,68,107
A4311375600,68,107
A4311376000,68,106
A4311377000,68,107
A4311400000,69,107
A4311425000,70,109
A4311425300,68,109
A4311431000,70,109
A4311451000,69,107
A4311452000,69,107
A4311453000,69,107
A4311454000,69,107
A4311455000,69,108
A4313000000,76,114
A4313025000,74,114
A4313031000,77,113
A4313032500,78,111
A4313033500,75,114
A4313035000,73,114
A4313036000,73,116
A4313037000,73,117
A4313038500,75,115
A4313039000,76,116
A4313040000,77,115
A4313041000,77,116
A4313042000,76,117
A4313043000,75,117
A4313051500,77,114
A4313053500,77,114
A4313054000,76,114
A4313055000,77,114
A4313056000,77,114
A4313057100,76,114
A4313058000,77,114
A4313060500,76,114
A4313061000,76,114
A4313062500,76,114
A4313063000,77,114
A4313064000,76,115
A4315000000,81,118
A4315025000,80,118
A4315031000,81,116
A4315032000,81,115
A4315033000,81,113
A4315034000,81,113
A4315035000,79,112
A4315036000,78,118
A4315038000,82,119
A4315051000,81,118
A4315051800,81,118
A4315052800,81,118
A4315053700,81,118
A4315054700,81,118
A4315056000,81,118
A4315057700,82,118
A4315059000,81,118
A4315060500,81,118
A4372000000,73,103
A4372025000,73,103
A4372031500,75,104
A4372032500,74,103
A4372033000,75,102
A4372034000,74,102
A4372035000,73,101
A4372036000,73,103
A4372037000,71,102
A4372038500,71,104
A4372039000,72,105
A4372040000,73,105
A4373000000,71,99
A4373025000,71,99
A4373031000,71,99
A4373032000,72,101
A4373033000,72,101
A4373034000,74,100
A4373035000,74,100
A4373036000,71,98
A4373037000,70,99
A4373038000,70,100
A4374000000,74,97
A4374025000,74,97
A4374031000,75,99
A4374032000,77,98
A4374033500,78,98
A4374034000,77,97
A4374035000,77,96
A4374036000,74,96
A4374037000,74,93
A4374038000,73,95
A4374039000,72,95
A4374040000,73,98
A4374500000,71,110
A4374525000,71,110
A4374531000,71,110
A4375000000,68,111
A4375025000,68,111
A4375025300,69,113
A4375032000,70,111
A4375033000,68,110
A4375034000,67,112
A4375035000,68,113
A4375037000,68,114
A4376000000,74,111
A4376025000,74,111
A4376031000,76,111
A4376032000,77,111
A4376033000,78,110
A4376034000,75,110
A4376035000,74,110
A4376036000,73,107
A4376037000,72,110
A4376039000,72,111
A4376040000,73,111
A4376041000,75,112
A4377000000,72,113
A4377025000,72,113
A4377025300,71,114
A4377031000,74,113
A4377032000,72,112
A4377033000,70,113
A4377034000,69,114
A4377035000,69,115
A4377036000,71,115
A4377037000,71,117
A4380000000,84,115
A4380025000,84,115
A4380025300,83,116
A4380031000,84,113
A4380032000,84,115
A4380033000,86,117
A4380034000,84,117
A4380035000,83,114
A4380036000,83,113
A4400000000,68,100
A4413100000,63,110
A4413125000,65,110
A4413131000,63,108
A4413132000,62,108
A4413133000,65,111
A4413134000,65,109
A4413135000,65,109
A4413136000,66,109
A4413137000,66,110
A4413151000,63,110
A4413152000,63,110
A4413153000,63,110
A4413154000,63,110
A4413155000,63,110
A4413156000,63,110
A4413157000,63,110
A4413158000,63,110
A4413159000,63,110
A4413300000,63,112
A4413325000,63,113
A4413325300,64,112
A4413325600,63,112
A4413331000,64,113
A4413351000,63,110
A4413352000,63,111
A4413353000,63,110
A4413354000,63,110
A4413355000,63,110
A4413356000,62,110
A4413356600,62,110
A4413356700,62,110
A4413358000,63,111
A4413359000,63,111
A4415000000,63,102
A4415025000,60,105
A4415031000,62,101
A4415032000,61,100
A4415033000,63,100
A4415034000,65,101
A4415036000,63,104
A4415037000,63,106
A4415038000,61,103
A4415039000,61,104
A4415040000,60,104
A4415051000,63,102
A4415054000,63,103
A4415055000,63,102
A4415056000,63,103
A4415057000,63,103
A4415059000,63,103
A4418000000,54,100
A4418025000,54,98
A4418031000,53,102
A4418032000,52,102
A4418032800,51,101
A4418033000,52,103
A4418034000,53,102
A4418035000,55,101
A4418036000,54,99
A4418038000,54,97
A4418039000,55,97
A4418040000,54,100
A4418041000,53,101
A4418051500,53,100
A4418052500,53,100
A4418053500,54,100
A4418054500,54,100
A4418056500,52,99
A4420000000,60,110
A4420025000,60,110
A4420025300,62,110
A4420031000,61,109
A4420033000,61,110
A4420035000,61,111
A4420036000,61,113
A4420037000,60,111
A4420038000,58,111
A4420039000,58,110
A4420040000,58,109
A4420041000,59,110
A4420057000,60,110
A4420058000,60,110
A4420059000,61,110
A4420060000,60,110
A4420061000,60,109
A4420062000,61,109
A4421000000,51,110
A4421025000,51,113
A4421031000,50,109
A4421032000,50,108
A4421033000,49,110
A4421034000,51,111
A4421036000,51,111
A4421037000,52,110
A4421038000,53,110
A4421039000,53,108
A4421040000,52,107
A4421051000,51,110
A4421052500,51,110
A4421053500,51,110
A4421054000,51,109
A4421055000,51,109
A4423000000,62,97
A4423025000,61,96
A4423025300,62,95
A4423031000,61,97
A4423032000,62,98
A4423033000,63,99
A4423034000,63,99
A4423035000,63,97
A4423036000,64,97
A4423038000,65,97
A4423039000,65,96
A4423040000,63,96
A4423041000,62,96
A4423042000,62,96
A4423051000,62,97
A4423052000,62,97
A4425000000,65,99
A4425031000,65,98
A4425031500,65,99
A4425033000,65,99
A4425051000,65,99
A4427000000,54,112
A4427025000,56,110
A4427025300,55,112
A4427031000,53,113
A4427032000,53,114
A4427033000,52,112
A4427034000,53,112
A4427035000,55,110
A4427036000,55,111
A4427037000,57,110
A4427038000,56,112
A4427039000,55,113
A4427051000,54,112
A4427052000,54,112
A4427053000,54,112
A4471000000,69,95
A4471025000,69,95
A4471031000,69,96
A4471032000,70,95
A4471033000,70,94
A4471034000,70,96
A4471035000,70,94
A4471036000,68,94
A4471037000,67,96
A4471038000,68,96
A4471039000,69,97
A4476000000,59,99
A4476025000,59,99
A4476031000,59,99
A4476032000,58,99
A4476033000,55,99
A4476034000,57,99
A4476035000,57,98
A4476036000,56,97
A4476037000,56,97
A4476038000,57,97
A4476039000,57,97
A4476040000,59,96
A4476041000,59,97
A4476042000,59,98
A4476043000,60,96
A4476044000,61,98
A4476045000,61,98
A4477000000,55,94
A4477025000,55,93
A4477025300,55,94
A4477031000,55,94
A4477032000,57,93
A4477033000,56,94
A4477034000,57,94
A4477035000,57,95
A4477036000,56,95
A4477037000,56,96
A4477038000,55,96
A4477039000,55,95
A4477040000,54,96
A4477041000,53,96
A4479000000,57,103
A4479025000,57,102
A4479031000,58,104
A4479032000,58,102
A4479033000,60,102
A4479034000,61,102
A4479035000,60,100
A4479036000,59,100
A4479037000,57,101
A4479038000,56,102
A4479039000,57,104
A4480000000,55,106
A4480025000,55,106
A4480025300,54,104
A4480025600,55,107
A4480032000,56,106
A4480033000,55,105
A4480034000,55,104
A4480035000,53,104
A4480036000,53,104
A4480037000,52,105
A4480038000,53,106
A4480039000,54,105
A4481000000,58,107
A4481025000,58,107
A4481025300,56,108
A4481031000,59,107
A4481032000,58,106
A4481033000,57,105
A4481034000,57,106
A4481035000,56,107
A4481036000,55,108
A4481037000,55,109
A4481038000,56,109
A4481039000,57,109
A4481040000,57,108
A4482500000,48,109
A4482525000,48,109
A4482525300,49,104
A4482531000,50,102
A4482532000,48,107
A4482533000,47,108
A4482534000,46,109
A4482535000,48,110
A4482536000,48,111
A4500000000,63,89
A4511100000,63,89
A4511151000,63,89
A4511153000,63,89
A4511160500,63,89
A4511163500,63,88
A4511165000,63,89
A4511166000,63,88
A4511167100,63,89
A4511167200,63,89
A4511168000,63,89
A4511169100,63,88
A4511169200,63,88
A4511170100,63,88
A4511170200,63,88
A4511170300,63,88
A4511171100,63,88
A4511171200,63,88
A4511171300,63,88
A4511171400,62,89
A4511173000,63,89
A4511300000,63,89
A4511352500,63,89
A4511354000,63,89
A4511355000,63,89
A4511356000,64,89
A4511357000,63,89
A4511358000,63,89
A4511359000,63,89
A4511360000,63,89
A4511361100,64,89
A4511361200,64,89
A4511362000,63,90
A4511364100,63,90
A4511364200,63,90
A4511365000,62,90
A4511366500,62,90
A4511367000,62,89
A4513000000,56,92
A4513025000,55,91
A4513031000,56,91
A4513032000,56,91
A4513033000,58,92
A4513034000,58,92
A4513035000,57,91
A4513036000,57,92
A4513037000,57,92
A4513038000,58,93
A4513039000,43,95
A4513040000,54,91
A4513051500,55,92
A4513053000,56,92
A4513055000,55,92
A4513056000,56,92
A4513060500,56,92
A4513064000,56,92
A4513065000,56,92
A4513066000,56,92
A4513067000,56,92
A4513068000,56,92
A4513069000,56,92
A4513070100,55,92
A4513070200,55,92
A4513070300,55,92
A4513071000,55,92
A4513072000,55,92
A4514000000,60,91
A4514025000,60,94
A4514031000,59,91
A4514032000,60,93
A4514033000,59,94
A4514034000,58,94
A4514035000,59,95
A4514036000,60,95
A4514037000,61,94
A4514038000,61,96
A4514039000,62,94
A4514040000,62,92
A4514041000,62,92
A4514042000,61,90
A4514043000,60,93
A4514044000,60,95
A4514052000,60,91
A4514053000,60,91
A4514056000,60,91
A4514057000,60,91
A4514058000,60,91
A4514059500,60,92
A4514061000,60,91
A4514062000,60,91
A4514064600,60,92
A4514064700,60,92
A4514065200,60,92
A4514065600,60,92
A4514067000,61,92
A4514069000,60,92
A4518000000,58,83
A4518025000,59,86
A4518031000,59,84
A4518032000,57,82
A4518033000,57,83
A4518034000,57,84
A4518035000,57,85
A4518036000,58,84
A4518037000,58,85
A4518038000,59,85
A4518039000,60,85
A4518040000,59,86
A4518041000,60,85
A4518042000,61,84
A4518043000,61,83
A4518044000,61,84
A4518051000,58,83
A4518052000,58,83
A4518053500,58,83
A4518054500,58,83
A4518056500,58,83
A4518057000,58,83
A4518058000,58,84
A4518059500,58,83
A4519000000,68,80
A4519025000,70,81
A4519031000,69,79
A4519032000,67,78
A4519033000,67,79
A4519034000,67,79
A4519035000,66,79
A4519036000,65,78
A4519037000,67,80
A4519038000,67,82
A4519039000,67,82
A4519040000,68,82
A4519041000,69,82
A4519042000,69,80
A4519045000,72,82
A4519046000,72,80
A4519047000,71,81
A4519051000,68,80
A4519052000,68,80
A4519054000,68,80
A4519055000,67,80
A4519056000,67,80
A4519057000,68,80
A4519059000,68,80
A4521000000,59,88
A4521025000,58,89
A4521032000,57,88
A4521033000,59,89
A4521034000,60,89
A4521035000,60,90
A4521036000,58,87
A4521038000,59,90
A4521039000,58,90
A4521040000,57,89
A4521041000,57,90
A4521042000,61,88
A4521043000,60,87
A4521044000,60,88
A4521045000,61,86
A4521046000,56,89
A4521051000,59,88
A4521052000,59,88
A4521054000,59,88
A4521058000,59,88
A4571000000,63,89
A4571025000,62,91
A4571025300,64,91
A4571025600,63,90
A4571032000,64,88
A4571033000,61,89
A4571034000,65,90
A4571035000,63,87
A4571036000,64,92
A4571037000,63,93
A4571038000,66,95
A4571039000,64,93
A4571040000,66,91
A4571041000,65,93
A4572000000,68,88
A4572025000,68,88
A4572031000,70,92
A4572032000,70,91
A4572033000,71,89
A4572034000,69,89
A4572035000,68,86
A4572036000,66,86
A4572037000,67,87
A4572038000,67,89
A4572039000,68,90
A4572040000,68,92
A4573000000,72,93
A4573025000,72,93
A4573031000,76,92
A4573032000,75,93
A4573033000,72,92
A4573034000,72,90
A4573035000,71,92
A4574000000,70,85
A4574025000,70,85
A4574031000,68,84
A4574032000,70,83
A4574033500,71,87
A4574034000,70,87
A4574035000,71,86
A4574036000,72,88
A4575000000,66,84
A4575025000,66,84
A4575031000,64,83
A4575032000,63,85
A4575033000,65,85
A4575034000,67,85
A4575035500,67,83
A4575036000,64,86
A4575037000,66,82
A4575038000,66,86
A4575039000,64,82
A4575040000,64,82
A4575041000,67,83
A4577000000,63,79
A4577025000,63,79
A4577031000,63,80
A4577032000,65,81
A4577033000,63,78
A4577034000,62,78
A4577035000,63,79
A4577036000,61,82
A4577037000,60,80
A4577038000,65,80
A4577039000,64,79
A4577040000,63,81
A4579000000,56,80
A4579025000,56,80
A4579031000,55,80
A4579032000,54,80
A4579033000,53,80
A4579034000,52,79
A4579035000,52,80
A4579036000,53,81
A4579037000,55,79
A4579038000,54,78
A4579039000,53,82
A4579040000,56,82
A4579041000,56,83
A4579042000,56,81
A4579043000,55,82
A4580000000,56,87
A4580025000,56,87
A4580031000,56,85
A4580032000,56,87
A4580033000,56,87
A4580034000,55,87
A4580035000,55,84
A4580036000,52,85
A4580037000,54,84
A4580038000,57,86
A4580039000,55,86
A4580040000,55,86
A4580041000,55,84
A4580042000,48,84
A4600000000,51,67
A4611000000,50,67
A4611051000,50,66
A4611052000,50,66
A4611053500,50,66
A4611054500,50,67
A4611055400,50,67
A4611055800,50,67
A4611056500,50,66
A4611059500,50,66
A4611064000,50,66
A4611064500,50,66
A4611065500,50,66
A4611066000,50,66
A4611069500,50,66
A4611070500,50,67
A4611074500,50,67
A4611075000,50,66
A4611075600,50,67
A4611075700,51,67
A4611075800,51,66
A4611078000,51,67
A4611079000,51,67
A4611080000,51,66
A4611081000,51,67
A4613000000,73,66
A4613025000,74,63
A4613031000,72,66
A4613032000,71,68
A4613033000,72,65
A4613034000,75,60
A4613035000,73,63
A4613036000,67,50
A4613051500,74,65
A4613053500,74,65
A4613057000,74,65
A4613060000,74,66
A4613062500,74,66
A4613063500,74,65
A4613065500,74,65
A4613067000,74,65
A4613068500,74,65
A4613070000,74,66
A4613071000,74,66
A4613073000,74,66
A4613074000,73,66
A4613076500,74,66
A4613078000,73,66
A4613079000,73,66
A4613080000,73,66
A4613081000,73,66
A4613082000,73,67
A4613083000,74,68
A4615000000,70,70
A4615025000,68,71
A4615031000,71,69
A4615032000,70,71
A4615033000,69,73
A4615034000,68,73
A4615035000,65,73
A4615036000,66,70
A4615037000,66,69
A4615038000,67,69
A4615039000,69,68
A4615040000,69,70
A4615051500,70,70
A4615054000,70,70
A4615055000,70,70
A4615056000,70,70
A4615057000,70,70
A4615058000,70,70
A4615059000,70,70
A4615060000,70,70
A4615061000,70,70
A4615062000,70,70
A4615063500,70,69
A4615066100,70,70
A4615066500,70,70
A4617000000,56,71
A4617025000,58,72
A4617031000,56,69
A4617032000,55,70
A4617033000,55,69
A4617034000,54,70
A4617035000,53,69
A4617036000,54,71
A4617037000,54,72
A4617038000,56,72
A4617039000,57,71
A4617040000,57,72
A4617042000,58,70
A4617043000,57,70
A4617051000,56,71
A4617052000,56,71
A4617054000,56,71
A4617055000,56,72
A4617058000,56,71
A4617060000,56,71
A4617062000,57,71
A4623000000,73,70
A4623025000,71,70
A4623031000,71,71
A4623032000,72,71
A4623033000,73,71
A4623034000,74,71
A4623035000,74,71
A4623036000,73,74
A4623051500,73,70
A4623053000,73,70
A4623054000,74,70
A4623055000,74,70
A4623057000,74,70
A4671000000,61,78
A4671025000,61,78
A4671031000,60,77
A4671032000,60,76
A4671033500,61,75
A4671034000,61,76
A4671035000,62,76
A4671036000,61,77
A4671037000,61,78
A4671038000,61,79
A4671039000,60,78
A4671040000,60,77
A4671041000,59,77
A4672000000,66,77
A4672025000,66,77
A4672031000,66,77
A4672032000,65,76
A4672033000,65,74
A4672034000,66,74
A4672035000,67,74
A4672036000,67,77
A4672037000,63,77
A4672038000,64,77
A4672039000,64,76
A4672040000,63,76
A4673000000,69,75
A4673025000,69,76
A4673031000,70,75
A4673032000,71,75
A4673033000,70,75
A4673034000,70,76
A4673035000,69,77
A4673036000,69,76
A4673037000,69,78
A4677000000,66,62
A4677025000,66,62
A4677025300,64,61
A4677031000,65,62
A4677032000,64,61
A4677033000,63,59
A4677034000,67,60
A4677035000,67,62
A4677036000,69,59
A4677037000,68,63
A4677038000,67,64
A4677039000,67,65
A4677040000,67,66
A4677041000,66,66
A4677042000,66,63
A4677044000,69,62
A4677045000,69,60
A4678000000,62,66
A4678025000,62,66
A4678025300,67,68
A4678031000,62,66
A4678032000,63,66
A4678033000,64,67
A4678034000,64,68
A4678035000,63,69
A4678036000,64,69
A4678037000,65,67
A4678038000,64,66
A4678039000,63,64
A4678040000,61,65
A4679000000,61,72
A4679025000,61,72
A4679031000,61,70
A4679032000,60,70
A4679033000,60,68
A4679034000,61,68
A4679035000,60,71
A4679036000,59,71
A4679037000,59,69
A4679038000,62,73
A4679039500,63,75
A4679040000,63,72
A4679041500,63,71
A4679042000,62,71
A4680000000,59,64
A4680025000,59,64
A4680025300,60,61
A4680025600,59,60
A4680031000,59,62
A4680032000,61,63
A4680033000,61,65
A4680034000,61,66
A4680035000,58,66
A4680036000,59,65
A4680037000,60,59
A4681000000,57,63
A4681025000,57,63
A4681031000,58,63
A4681032000,57,61
A4681033000,57,60
A4681034000,56,61
A4681035000,56,60
A4681036000,56,64
A4681037000,57,64
A4681038000,58,65
A4681039000,57,65
A4681040000,58,59
A4682000000,54,61
A4682025000,54,61
A4682031000,54,60
A4682032000,52,60
A4682033000,53,59
A4682034000,52,57
A4682035000,54,58
A4682036000,55,59
A4682037000,55,61
A4682038000,55,63
A4682039000,53,62
A4682040000,51,61
A4682041000,51,63
A4682042000,49,62
A4682043000,49,64
A4683000000,56,66
A4683025000,56,66
A4683025300,51,65
A4683031000,56,67
A4683032000,56,68
A4683033000,55,68
A4683034000,54,68
A4683035000,55,67
A4683036000,55,66
A4683037000,54,65
A4683038000,53,65
A4683039000,53,64
A4684000000,52,71
A4684025000,52,71
A4684025300,52,67
A4684025600,51,67
A4684032000,52,69
A4684033000,51,69
A4684034000,50,71
A4684035000,50,71
A4684036000,48,73
A4684037000,49,70
A4686000000,52,72
A4686025000,52,72
A4686031000,51,74
A4686032000,52,74
A4686033000,53,71
A4686034000,52,71
A4686035000,53,72
A4686036000,54,73
A4686037000,54,75
A4686038000,54,75
A4687000000,52,77
A4687025000,52,77
A4687025300,51,77
A4687025600,51,79
A4687031000,53,77
A4687032000,53,76
A4687033000,52,75
A4687034000,52,76
A4687035000,51,76
A4687036000,50,75
A4687037000,51,79
A4687038000,45,75
A4688000000,57,77
A4688025000,57,77
A4688031000,58,77
A4688032000,58,76
A4688033000,56,77
A4688034000,55,76
A4688035000,55,76
A4688036000,57,77
A4688037000,57,78
A4688038000,57,79
A4688039000,57,80
A4688040000,59,80
A4689000000,57,56
A4689025000,57,56
A4689025300,62,57
A4689025600,53,53
A4689031000,55,57
A4689032000,58,56
A4689033000,58,58
A4689034000,59,58
A4689035000,59,53
A4689036000,55,53
A4689037000,62,58
A4689038000,53,53
A4689039000,61,56
A4690000000,48,59
A4690025000,48,59
A4690031000,48,60
A4690032000,49,60
A4690033000,48,58
A4690034000,46,58
A4690035000,46,58
A4690036000,44,55
A4691000000,50,66
A4691025000,47,72
A4691025300,49,68
A4691031000,46,71
A4691032000,45,73
A4691033000,44,68
A4691034000,42,65
A4691035000,42,64
A4691036000,33,64
A4691037000,44,62
A4691038000,45,62
A4691039000,46,63
A4691040000,45,65
A4691041000,46,66
A4691042000,45,67
A4700000000,89,91
A4711100000,102,94
A4711125000,105,94
A4711125300,102,94
A4711125600,103,93
A4711131000,102,93
A4711132000,104,94
A4711133000,105,92
A4711135000,106,96
A4711152500,102,94
A4711154500,102,94
A4711155000,102,94
A4711156000,103,94
A4711157000,103,94
A4711158000,102,94
A4711159000,102,94
A4711300000,102,95
A4711325000,102,96
A4711331000,100,97
A4711332000,102,98
A4711333000,102,99
A4711334000,100,95
A4711335000,97,97
A4711336000,99,96
A4711352000,102,95
A4711363000,102,94
A4711365500,102,95
A4711366500,102,95
A4711368000,102,95
A4711369000,102,95
A4711370000,102,95
A4711371000,103,95
A4713000000,100,91
A4713025000,105,90
A4713025300,100,93
A4713025600,98,90
A4713025900,102,88
A4713031500,104,89
A4713032000,104,87
A4713033000,100,88
A4713034000,97,88
A4713035000,97,91
A4713036000,100,91
A4713037000,101,93
A4713038000,101,91
A4713051500,100,90
A4713053000,100,90
A4713055000,100,90
A4713057000,100,90
A4713059000,99,90
A4713060500,100,90
A4713061500,100,91
A4713062100,100,91
A4713063000,100,90
A4713065000,101,89
A4713066000,101,90
A4715000000,80,96
A4715025000,83,97
A4715031000,81,95
A4715032000,82,95
A4715034000,81,97
A4715035000,81,98
A4715036000,80,97
A4715037000,79,96
A4715038000,79,96
A4715039000,80,94
A4715040000,80,94
A4715041000,79,94
A4715042000,79,93
A4715043000,77,93
A4715044000,78,91
A4715045000,79,91
A4715051600,80,96
A4715053600,80,96
A4715056500,80,95
A4715057500,80,96
A4715059500,80,96
A4715061000,81,96
A4715064000,81,96
A4717000000,91,106
A4717025000,88,106
A4717031000,91,107
A4717032000,90,108
A4717033000,90,107
A4717034000,87,105
A4717035000,90,104
A4717036000,90,105
A4717037000,91,105
A4717038000,92,105
A4717039000,94,103
A4717040000,94,106
A4717041000,93,108
A4717042000,92,110
A4717043000,91,110
A4717051000,91,106
A4717052000,91,106
A4717055500,91,105
A4717058500,90,106
A4717060000,90,106
A4717062000,90,106
A4717063000,90,106
A4717065000,90,106
A4717066000,90,106
A4717069000,91,105
A4719000000,84,96
A4719025000,83,98
A4719025300,84,97
A4719025600,86,97
A4719031000,82,99
A4719032000,83,100
A4719033000,84,100
A4719034000,85,97
A4719036000,87,96
A4719051000,84,96
A4719053500,84,96
A4719055100,84,96
A4719055500,84,96
A4719056500,84,96
A4719058200,84,96
A4719058300,84,95
A4719059000,85,96
A4719060000,85,96
A4719061000,85,96
A4719063000,85,95
A4719064500,84,95
A4719066000,85,95
A4719067000,86,95
A4719068000,86,95
A4719069000,86,96
A4719070000,85,95
A4721000000,89,111
A4721025000,87,112
A4721031000,89,111
A4721032000,90,109
A4721033000,89,110
A4721034000,88,110
A4721035000,87,112
A4721036000,87,112
A4721037000,88,113
A4721038000,88,114
A4721039000,89,115
A4721051000,89,111
A4721052500,89,111
A4721055000,89,111
A4721056000,89,111
A4721059000,89,111
A4721060000,89,111
A4721061000,89,111
A4721062000,89,111
A4721063000,88,111
A4723000000,95,93
A4723025000,94,92
A4723031000,93,93
A4723032000,92,94
A4723033000,93,94
A4723034000,94,96
A4723035000,94,95
A4723036000,96,95
A4723037000,95,94
A4723038000,97,94
A4723039000,96,92
A4723040000,94,91
A4723051000,95,93
A4723052000,95,93
A4723053500,95,93
A4723054000,95,93
A4723055500,95,93
A4725000000,81,102
A4725025000,81,105
A4725031000,83,102
A4725032500,82,103
A4725033000,82,101
A4725034000,80,100
A4725035000,80,99
A4725036000,80,101
A4725037000,79,102
A4725038000,77,100
A4725039000,77,100
A4725040000,77,101
A4725041000,77,103
A4725042000,77,105
A4725043000,80,103
A4725044000,79,105
A4725045000,81,104
A4725046000,80,106
A4725047000,76,103
A4725052000,81,102
A4725053000,81,102
A4725054000,81,102
A4725055000,81,102
A4725056000,81,102
A4725057000,81,102
A4728000000,81,106
A4728025000,80,109
A4728025300,79,107
A4728031000,82,106
A4728032000,82,106
A4728033000,82,107
A4728034000,82,107
A4728035000,83,110
A4728036000,80,108
A4728037000,78,106
A4728057000,81,106
A4728058000,81,106
A4728059000,82,106
A4728060000,81,107
A4728061000,81,106
A4729000000,91,90
A4729025000,93,91
A4729025300,93,91
A4729025600,92,90
A4729031000,93,92
A4729033000,93,89
A4729034000,94,89
A4729035000,93,89
A4729037000,91,88
A4729051000,91,90
A4729052000,91,89
A4729053000,91,89
A4729054100,91,89
A4729054200,91,90
A4729055000,92,90
A4729056000,92,89
A4772000000,88,99
A4772025000,88,98
A4772031000,86,99
A4772032000,88,97
A4772033000,90,95
A4772034000,90,98
A4772035000,91,97
A4772036000,90,96
A4772038000,92,96
A4773000000,90,101
A4773025000,90,101
A4773031000,90,102
A4773032000,91,103
A4773033000,92,102
A4773034000,92,100
A4773035000,92,99
A4773036000,91,98
A4773037000,90,99
A4773038000,88,100
A4773039000,87,101
A4773040000,86,101
A4773041000,85,101
A4773042000,85,102
A4773043000,86,102
A4773044000,84,103
A4773045000,87,103
A4773046000,88,101
A4773047000,86,103
A4775000000,96,103
A4775025000,96,103
A4775031500,98,101
A4775032000,97,101
A4775033000,96,100
A4775034000,94,100
A4775035000,95,100
A4775036000,96,104
A4775037000,96,105
A4776000000,97,108
A4776025000,97,108
A4776031000,97,106
A4776032000,96,108
A4776033000,98,109
A4776034000,99,110
A4776035000,98,106
A4777000000,102,103
A4777025000,102,103
A4777031000,102,102
A4777032000,102,100
A4777033000,101,102
A4777034000,100,103
A4777035000,103,105
A4777036000,103,105
A4777037000,103,107
A4777038000,102,106
A4782000000,91,86
A4782025000,91,86
A4782025300,92,86
A4782031000,90,85
A4782032000,89,85
A4782033000,89,86
A4782034000,90,86
A4782035000,95,87
A4782036000,94,87
A4782037000,94,86
A4783000000,83,87
A4783025300,83,87
A4783031000,82,88
A4783032000,84,88
A4783033000,85,88
A4783034000,86,89
A4783035000,85,87
A4783036000,84,86
A4783037000,83,86
A4784000000,83,91
A4784025000,83,91
A4784031000,85,91
A4784032000,84,90
A4784033000,82,89
A4784034000,81,91
A4784035000,81,91
A4784036000,82,91
A4784037000,82,92
A4784038000,83,93
A4784039000,84,92
A4785000000,85,93
A4785025000,85,93
A4785025300,84,94
A4785025600,85,94
A4785031000,87,92
A4785032000,88,93
A4785033000,88,95
A4785036000,85,94
A4785037000,85,93
A4790000000,86,107
A4790025000,86,107
A4790031000,85,108
A4790034000,87,109
A4790035000,87,108
A4790036000,86,106
A4790037000,85,107
A4790038000,83,106
A4790039000,84,106
A4790040000,85,105
A4790041000,83,104
A4790042000,85,110
A4790043000,86,109
A4792000000,90,113
A4792025000,91,113
A4792031000,90,115
A4792032000,92,113
A4792033000,93,113
A4792034000,94,114
A4792035000,95,114
A4792036000,95,111
A4792037000,93,112
A4792038000,91,111
A4792039000,96,116
A4793000000,102,115
A4793025000,102,115
A4793025300,103,110
A4793031000,101,118
A4793033000,102,115
A4793035000,103,111
A4793036000,101,109
A4793037000,102,117
A4793038000,103,109
A4793039000,99,114
A4793040000,102,114
A4794000000,127,127
A4794025000,127,127
A4794031000,126,127
A4794032000,127,129
A4794033000,144,123
A4800000000,91,77
A4812100000,90,77
A4812125000,91,78
A4812131000,89,79
A4812132000,91,79
A4812151000,90,77
A4812152000,90,77
A4812153000,90,77
A4812154000,91,77
A4812300000,91,76
A4812351000,91,77
A4812351500,91,77
A4812352000,91,77
A4812353000,91,76
A4812354000,91,76
A4812355000,91,76
A4812356000,91,76
A4812357000,90,76
A4812500000,89,76
A4812531000,89,74
A4812532000,88,74
A4812533000,87,74
A4812534000,86,74
A4812551000,89,75
A4812552000,89,75
A4812553000,89,76
A4812554000,89,76
A4812556500,89,76
A4812557000,89,76
A4812558000,89,76
A4812561000,89,76
A4812563000,89,76
A4812564000,89,76
A4812565000,89,76
A4812700000,89,76
A4812725000,88,77
A4812751000,89,76
A4812752000,89,76
A4812754500,89,77
A4812755000,89,77
A4812756000,89,77
A4812757000,89,77
A4812758000,89,77
A4812759000,89,77
A4812760000,89,77
A4812761000,89,77
A4812762000,89,76
A4812900000,91,75
A4812953000,91,75
A4812954000,91,75
A4812955000,91,75
A4812956000,91,75
A4812957000,91,75
A4812958000,91,75
A4812959000,91,75
A4812960000,91,75
A4812961000,91,75
A4812962000,91,75
A4812963000,92,74
A4812964000,93,75
A4812965000,93,74
A4817000000,81,75
A4817025000,82,75
A4817031000,80,75
A4817032000,81,74
A4817033000,82,73
A4817035000,83,75
A4817036000,84,75
A4817037000,85,75
A4817038000,84,75
A4817039000,83,76
A4817040000,82,77
A4817041000,81,76
A4817042000,80,76
A4817043000,81,78
A4817044000,79,76
A4817045000,78,76
A4817046000,77,75
A4817051500,80,75
A4817055500,80,76
A4817056500,80,75
A4817059500,80,76
A4817067300,81,75
A4817067800,81,75
A4817068000,81,75
A4817069500,81,76
A4817071000,79,75
A4817071500,80,75
A4817072000,80,75
A4817073000,80,75
A4817074000,81,75
A4817075000,81,75
A4822000000,87,68
A4822025000,86,67
A4822031000,87,68
A4822033000,85,69
A4822034000,86,69
A4822035000,84,63
A4822036000,88,66
A4822037000,83,68
A4822051000,86,68
A4822053000,86,68
A4822055000,87,68
A4822059000,87,68
A4822060000,87,68
A4822066500,86,68
A4822067000,86,68
A4822070000,87,68
A4824000000,80,71
A4824025000,80,73
A4824031000,81,72
A4824032000,80,72
A4824033000,80,71
A4824034000,80,74
A4824035000,78,72
A4824036000,78,74
A4824037000,78,71
A4824051000,80,70
A4824052000,80,70
A4824053000,80,70
A4824055000,80,70
A4824057000,81,70
A4824059500,80,71
A4825000000,95,77
A4825025000,92,78
A4825032000,93,77
A4825033000,92,77
A4825034000,93,79
A4825035000,94,79
A4825036000,95,78
A4825037000,96,77
A4825051000,94,77
A4825052000,94,77
A4825053000,94,77
A4825054000,94,77
A4825055000,94,77
A4825056500,94,76
A4825058000,95,77
A4825059000,95,77
A4825060000,95,77
A4825061000,93,76
A4825062000,93,76
A4825063000,93,76
A4827000000,92,83
A4827025000,93,80
A4827025300,91,80
A4827031000,91,83
A4827032000,92,84
A4827033000,93,83
A4827034000,94,84
A4827035000,94,83
A4827036000,92,81
A4827037000,91,81
A4827038000,90,82
A4827039000,90,83
A4827051000,92,82
A4827052000,92,82
A4827053000,92,82
A4827054000,92,82
A4827055000,92,83
A4831000000,90,69
A4831031000,92,68
A4831032000,90,68
A4831033000,90,66
A4831034000,89,68
A4831035000,88,68
A4831036000,88,70
A4831037000,91,70
A4831038000,91,71
A4831039000,91,71
A4831051000,92,69
A4831053000,92,69
A4831054000,91,69
A4831055000,91,69
A4831056000,91,69
A4831057000,90,69
A4831058000,90,69
A4831059000,90,69
A4831060000,91,69
A4833000000,97,79
A4833025300,96,78
A4833031000,98,79
A4833032000,95,80
A4833033000,97,81
A4833034000,98,82
A4833051000,97,79
A4833051500,97,79
A4833052000,97,79
A4833053000,97,79
A4833054000,99,81
A4833055000,99,81
A4833056000,99,80
A4833057000,99,80
A4872000000,83,78
A4872025000,83,78
A4872031000,83,78
A4872032000,82,79
A4872033000,81,79
A4872034000,82,77
A4872035000,84,79
A4872036000,84,80
A4872037000,85,80
A4872038000,85,82
A4872039000,84,81
A4872040000,83,82
A4872041500,83,81
A4872042000,84,81
A4873000000,86,77
A4873025000,86,77
A4873025300,88,78
A4873031000,86,77
A4873032000,85,77
A4873033000,85,78
A4873034000,86,79
A4873035000,87,79
A4873036000,88,79
A4873038000,86,77
A4873039000,86,76
A4874000000,87,83
A4874025000,87,83
A4874025300,87,80
A4874031000,88,84
A4874032000,87,85
A4874033000,87,85
A4874034000,85,84
A4874035000,86,82
A4874036000,87,84
A4874037000,88,82
A4874038000,88,81
A4874039000,87,81
A4874040000,88,81
A4874041000,89,80
A4874042000,89,81
A4882000000,85,71
A4882025000,85,71
A4882031000,84,70
A4882032000,82,70
A4882033000,81,70
A4882034000,82,71
A4882035000,84,72
A4882036000,82,72
A4882037000,83,74
A4882038000,83,73
A4882039000,85,73
A4882040000,85,73
A4882041000,85,73
A4882042000,86,72
A4882043000,86,71
A4884000000,77,68
A4884025000,77,68
A4884031000,78,67
A4884032000,79,65
A4884033000,79,67
A4884034000,80,65
A4884035000,77,66
A4884036000,76,67
A4884037000,77,69
A4884038000,77,69
A4884039000,79,68
A4885000000,74,73
A4885025000,74,73
A4885031000,72,75
A4885032000,74,75
A4885033000,75,73
A4885034000,75,73
A4885035000,76,72
A4885036000,76,70
A4885037000,77,72
A4885038000,76,72
A4885039000,77,74
A4885040000,75,74
A4885041000,77,75
A4885042000,75,70
A4886000000,76,80
A4886025000,76,80
A4886031000,77,81
A4886032000,76,81
A4886033000,76,82
A4886034000,76,80
A4886035000,76,78
A4886036000,76,77
A4886037000,78,78
A4886038000,78,78
A4886039000,79,79
A4886040000,79,80
A4887000000,74,82
A4887025000,74,82
A4887031000,73,80
A4887032000,74,82
A4887033000,75,81
A4887034000,75,82
A4887035000,74,83
A4887036000,75,85
A4887037000,73,85
A4887038000,73,86
A4887039000,72,83
A4887040000,73,83
A4888000000,77,86
A4888025000,77,86
A4888031000,77,87
A4888032000,77,89
A4888033000,76,89
A4888034000,75,88
A4888035000,75,87
A4888036000,76,86
A4888037000,77,85
A4888038000,77,86
A4888039000,77,84
A4888040000,79,87
A4888041000,78,88
A4889000000,81,84
A4889025000,81,84
A4889031000,79,85
A4889032000,80,86
A4889033000,81,88
A4889034000,81,87
A4889035000,82,84
A4889036000,83,83
A4889037000,83,84
A4889038000,85,85
A4889039000,84,84
A4889040000,83,83
A4889041000,82,83
A4889042000,81,81
A4889043000,81,80
A4889044000,79,81
A4889045000,79,83
A4889046000,81,83
A5000000000,52,38
A5011000000,53,38
A5011025000,48,36
A5011025300,49,37
A5011025600,59,38
A5011025900,55,39
A5011031000,46,35
A5011032000,48,48
A5011033000,60,38
A5011051000,53,38
A5011052000,53,38
A5011053000,53,38
A5011054000,53,38
A5011055000,53,38
A5011056000,53,38
A5011057000,52,38
A5011058000,52,38
A5011059000,53,38
A5011060000,53,38
A5011061000,54,38
A5011062000,54,38
A5011063000,53,37
A5011064000,52,38
A5011065000,52,38
A5011066000,52,38
A5011067000,51,38
A5011068000,51,38
A5011069000,52,38
A5013000000,52,33
A5013025000,48,32
A5013025300,56,33
A5013025900,60,37
A5013031000,49,32
A5013032000,58,34
A5013051000,53,32
A5013052000,53,32
A5013053000,53,32
A5013054000,53,32
A5013055000,54,33
A5013056000,54,33
A5013057000,53,33
A5013058000,53,33
A5013059000,52,32
A5013060000,52,32
A5013061000,51,32
A5013062000,50,32
A5019000000,28,8
A5019099000,28,8
